-- ============================================================
-- 酒店预订管理系统 - 测试数据
-- ============================================================
-- 测试账号：
--   管理员：admin / admin123
--   普通用户：zhangsan / 123456
--   普通用户：lisi / 123456
--   普通用户：wangwu / 123456
-- ============================================================

USE hotel_booking;

SET NAMES utf8mb4;
SET CHARACTER_SET_CLIENT = utf8mb4;
SET CHARACTER_SET_RESULTS = utf8mb4;
SET CHARACTER_SET_CONNECTION = utf8mb4;

-- -----------------------------------------------------------
-- 用户数据 (密码均为BCrypt加密)
-- admin123 => $2a$10$N9qo8uLOickgx2ZMRZoMyeIjZAgcfl7p92ldGxad68LJZdL17lhWy
-- 123456   => $2a$10$EqKcp1WFKAr4GKHSGBOZ2OjSEpMl5c1BKXG5nOe5GEbPVMzZNBDsa
-- -----------------------------------------------------------
INSERT INTO `user` (`id`, `username`, `password`, `nickname`, `email`, `phone`, `avatar`, `gender`, `role`, `status`, `created_at`, `updated_at`) VALUES
(1, 'admin', '$2a$10$N9qo8uLOickgx2ZMRZoMyeIjZAgcfl7p92ldGxad68LJZdL17lhWy', '系统管理员', 'admin@hotel.com', '13800000001', NULL, 1, 1, 1, '2025-01-01 08:00:00', '2025-01-01 08:00:00'),
(2, 'zhangsan', '$2a$10$EqKcp1WFKAr4GKHSGBOZ2OjSEpMl5c1BKXG5nOe5GEbPVMzZNBDsa', '张三', 'zhangsan@qq.com', '13800000002', NULL, 1, 0, 1, '2025-01-15 10:30:00', '2025-01-15 10:30:00'),
(3, 'lisi', '$2a$10$EqKcp1WFKAr4GKHSGBOZ2OjSEpMl5c1BKXG5nOe5GEbPVMzZNBDsa', '李四', 'lisi@163.com', '13800000003', NULL, 2, 0, 1, '2025-02-10 14:20:00', '2025-02-10 14:20:00'),
(4, 'wangwu', '$2a$10$EqKcp1WFKAr4GKHSGBOZ2OjSEpMl5c1BKXG5nOe5GEbPVMzZNBDsa', '王五', 'wangwu@gmail.com', '13800000004', NULL, 1, 0, 1, '2025-03-05 09:15:00', '2025-03-05 09:15:00'),
(5, 'zhaoliu', '$2a$10$EqKcp1WFKAr4GKHSGBOZ2OjSEpMl5c1BKXG5nOe5GEbPVMzZNBDsa', '赵六', 'zhaoliu@qq.com', '13800000005', NULL, 1, 0, 1, '2025-03-20 16:45:00', '2025-03-20 16:45:00'),
(6, 'sunqi', '$2a$10$EqKcp1WFKAr4GKHSGBOZ2OjSEpMl5c1BKXG5nOe5GEbPVMzZNBDsa', '孙七', 'sunqi@126.com', '13800000006', NULL, 2, 0, 1, '2025-04-01 11:00:00', '2025-04-01 11:00:00'),
(7, 'zhouba', '$2a$10$EqKcp1WFKAr4GKHSGBOZ2OjSEpMl5c1BKXG5nOe5GEbPVMzZNBDsa', '周八', 'zhouba@qq.com', '13800000007', NULL, 1, 0, 1, '2025-04-15 08:30:00', '2025-04-15 08:30:00'),
(8, 'wujiu', '$2a$10$EqKcp1WFKAr4GKHSGBOZ2OjSEpMl5c1BKXG5nOe5GEbPVMzZNBDsa', '吴九', 'wujiu@hotmail.com', '13800000008', NULL, 2, 0, 1, '2025-05-10 13:20:00', '2025-05-10 13:20:00'),
(9, 'zhengshi', '$2a$10$EqKcp1WFKAr4GKHSGBOZ2OjSEpMl5c1BKXG5nOe5GEbPVMzZNBDsa', '郑十', 'zhengshi@qq.com', '13800000009', NULL, 1, 0, 0, '2025-05-20 17:00:00', '2025-05-20 17:00:00'),
(10, 'liuyan', '$2a$10$EqKcp1WFKAr4GKHSGBOZ2OjSEpMl5c1BKXG5nOe5GEbPVMzZNBDsa', '刘燕', 'liuyan@qq.com', '13800000010', NULL, 2, 0, 1, '2025-06-01 10:00:00', '2025-06-01 10:00:00');

-- -----------------------------------------------------------
-- 酒店数据
-- -----------------------------------------------------------
INSERT INTO `hotel` (`id`, `name`, `description`, `address`, `city`, `province`, `phone`, `star_rating`, `cover_image`, `images`, `facilities`, `check_in_time`, `check_out_time`, `min_price`, `status`, `created_at`, `updated_at`) VALUES
(1, '锦江国际大酒店', '位于市中心繁华地段，交通便利，周边商圈林立。酒店拥有豪华装修，提供一流的住宿体验和贴心服务。设有中西餐厅、健身中心、室内恒温泳池和商务中心。', '中山路188号', '上海', '上海市', '021-88881111', 5, '/images/hotel/hotel1_cover.jpg', '[\"/images/hotel/hotel1_1.jpg\",\"/images/hotel/hotel1_2.jpg\",\"/images/hotel/hotel1_3.jpg\"]', '[\"WiFi\",\"停车场\",\"游泳池\",\"健身房\",\"餐厅\",\"商务中心\",\"洗衣服务\",\"行李寄存\"]', '14:00', '12:00', 588.00, 1, '2025-01-01 00:00:00', '2025-01-01 00:00:00'),
(2, '希尔顿花园酒店', '坐落于城市新区核心位置，毗邻会展中心与高铁站。现代简约风格设计，客房宽敞明亮，配备智能家居系统。酒店设有全日制餐厅和空中花园酒吧。', '新城大道299号', '北京', '北京市', '010-66662222', 5, '/images/hotel/hotel2_cover.jpg', '[\"/images/hotel/hotel2_1.jpg\",\"/images/hotel/hotel2_2.jpg\"]', '[\"WiFi\",\"停车场\",\"健身房\",\"餐厅\",\"会议室\",\"机场接送\",\"SPA\"]', '15:00', '12:00', 698.00, 1, '2025-01-05 00:00:00', '2025-01-05 00:00:00'),
(3, '如家精选酒店', '经济实惠的商旅酒店，干净整洁，设施齐全。紧邻地铁站出口，步行仅需3分钟。提供自助早餐和24小时前台服务，是商务出行的理想选择。', '解放路66号', '广州', '广东省', '020-33334444', 3, '/images/hotel/hotel3_cover.jpg', '[\"/images/hotel/hotel3_1.jpg\"]', '[\"WiFi\",\"停车场\",\"餐厅\",\"洗衣服务\",\"行李寄存\"]', '14:00', '12:00', 268.00, 1, '2025-01-10 00:00:00', '2025-01-10 00:00:00'),
(4, '万豪度假酒店', '坐拥湖光山色的度假胜地，远离城市喧嚣。酒店依山傍水而建，拥有私家花园和湖畔栈道。设有温泉中心、户外无边泳池、儿童乐园和水上运动中心。', '湖滨路1号', '杭州', '浙江省', '0571-55556666', 5, '/images/hotel/hotel4_cover.jpg', '[\"/images/hotel/hotel4_1.jpg\",\"/images/hotel/hotel4_2.jpg\",\"/images/hotel/hotel4_3.jpg\",\"/images/hotel/hotel4_4.jpg\"]', '[\"WiFi\",\"停车场\",\"游泳池\",\"健身房\",\"餐厅\",\"SPA\",\"温泉\",\"儿童乐园\",\"KTV\"]', '14:00', '13:00', 888.00, 1, '2025-01-15 00:00:00', '2025-01-15 00:00:00'),
(5, '汉庭优佳酒店', '全新升级的品质商旅酒店，客房采用零压床垫和高品质棉织品，提供舒适睡眠体验。位于火车站商圈，周边餐饮购物便利。', '火车站南广场路12号', '成都', '四川省', '028-77778888', 3, '/images/hotel/hotel5_cover.jpg', '[\"/images/hotel/hotel5_1.jpg\"]', '[\"WiFi\",\"停车场\",\"自助洗衣\",\"行李寄存\"]', '14:00', '12:00', 228.00, 1, '2025-02-01 00:00:00', '2025-02-01 00:00:00'),
(6, '丽思卡尔顿酒店', '奢华五星级酒店，位于中央商务区黄金地段。酒店融合东方美学与现代奢华，提供管家式个性化服务。设有米其林餐厅、屋顶花园和艺术画廊。', '金融街8号', '深圳', '广东省', '0755-99990000', 5, '/images/hotel/hotel6_cover.jpg', '[\"/images/hotel/hotel6_1.jpg\",\"/images/hotel/hotel6_2.jpg\"]', '[\"WiFi\",\"代客泊车\",\"游泳池\",\"健身房\",\"米其林餐厅\",\"SPA\",\"管家服务\",\"机场接送\"]', '15:00', '12:00', 1288.00, 1, '2025-02-10 00:00:00', '2025-02-10 00:00:00'),
(7, '亚朵轻居酒店', '人文主题酒店，以阅读和摄影为主题，大堂设有免费借阅图书馆。客房设计简约温馨，提供特色茶饮和人文关怀。适合文艺青年和品质旅行者。', '大学城路88号', '南京', '江苏省', '025-11112222', 4, '/images/hotel/hotel7_cover.jpg', '[\"/images/hotel/hotel7_1.jpg\",\"/images/hotel/hotel7_2.jpg\"]', '[\"WiFi\",\"停车场\",\"图书馆\",\"咖啡厅\",\"洗衣服务\",\"行李寄存\"]', '14:00', '12:00', 358.00, 1, '2025-02-20 00:00:00', '2025-02-20 00:00:00'),
(8, '全季酒店', '中高端商务酒店品牌，秉承简约自然的设计理念。客房空间利用合理，床品舒适，淋浴系统出色。早餐种类丰富，性价比极高。', '科技园路55号', '武汉', '湖北省', '027-44445555', 4, '/images/hotel/hotel8_cover.jpg', '[\"/images/hotel/hotel8_1.jpg\"]', '[\"WiFi\",\"停车场\",\"餐厅\",\"健身房\",\"洗衣服务\"]', '14:00', '12:00', 328.00, 1, '2025-03-01 00:00:00', '2025-03-01 00:00:00'),
(9, '维也纳国际酒店', '音乐主题商务酒店，大堂常有轻柔钢琴演奏。客房装饰典雅，隔音效果好。设有中西自助餐厅和私人影院。适合商务接待和家庭入住。', '中华路168号', '长沙', '湖南省', '0731-66667777', 4, '/images/hotel/hotel9_cover.jpg', '[\"/images/hotel/hotel9_1.jpg\",\"/images/hotel/hotel9_2.jpg\"]', '[\"WiFi\",\"停车场\",\"餐厅\",\"KTV\",\"影院\",\"洗衣服务\",\"会议室\"]', '14:00', '12:00', 388.00, 1, '2025-03-10 00:00:00', '2025-03-10 00:00:00'),
(10, '桔子水晶酒店', '设计师精品酒店，每家门店拥有独特的设计主题。客房配备JBL音响、科勒卫浴和金可儿床垫。位于老城区，步行可达多个景点。', '古城街23号', '西安', '陕西省', '029-88889999', 4, '/images/hotel/hotel10_cover.jpg', '[\"/images/hotel/hotel10_1.jpg\"]', '[\"WiFi\",\"餐厅\",\"酒吧\",\"行李寄存\"]', '14:00', '12:00', 418.00, 1, '2025-03-20 00:00:00', '2025-03-20 00:00:00'),
(11, '七天优品酒店', '经济型连锁酒店，简洁实用，价格亲民。房间虽小但五脏俱全，WiFi快速稳定。适合预算有限的短途旅行者和背包客。', '商业步行街9号', '重庆', '重庆市', '023-22223333', 2, '/images/hotel/hotel11_cover.jpg', '[\"/images/hotel/hotel11_1.jpg\"]', '[\"WiFi\",\"行李寄存\"]', '14:00', '12:00', 158.00, 1, '2025-04-01 00:00:00', '2025-04-01 00:00:00'),
(12, '凯悦臻选酒店', '位于滨海度假区的高端酒店，拥有无敌海景房和私人沙滩。设有海鲜自助餐厅、水上运动中心和日落观景台。', '海滨大道1号', '三亚', '海南省', '0898-33334444', 5, '/images/hotel/hotel12_cover.jpg', '[\"/images/hotel/hotel12_1.jpg\",\"/images/hotel/hotel12_2.jpg\",\"/images/hotel/hotel12_3.jpg\"]', '[\"WiFi\",\"停车场\",\"私人沙滩\",\"游泳池\",\"健身房\",\"SPA\",\"水上运动\",\"餐厅\",\"酒吧\"]', '15:00', '11:00', 1088.00, 0, '2025-04-10 00:00:00', '2025-04-10 00:00:00');

-- -----------------------------------------------------------
-- 房型数据
-- -----------------------------------------------------------
INSERT INTO `room_type` (`id`, `hotel_id`, `name`, `description`, `price`, `original_price`, `capacity`, `bed_type`, `area`, `floor`, `facilities`, `images`, `breakfast`, `has_window`, `total_rooms`, `status`, `created_at`, `updated_at`) VALUES
-- 锦江国际大酒店
(1, 1, '豪华大床房', '宽敞明亮的豪华大床房，配备King Size大床，独立卫浴，落地窗可俯瞰城市天际线', 588.00, 688.00, 2, '大床', 35.00, '8-20层', '[\"WiFi\",\"迷你吧\",\"保险箱\",\"电热水壶\",\"吹风机\",\"浴缸\"]', '[\"/images/room/room1_1.jpg\",\"/images/room/room1_2.jpg\"]', 1, 1, 30, 1, '2025-01-01 00:00:00', '2025-01-01 00:00:00'),
(2, 1, '豪华双床房', '配备两张1.2米单人床，适合商务出差或朋友同行，房间布置温馨舒适', 628.00, 728.00, 2, '双床', 38.00, '8-20层', '[\"WiFi\",\"迷你吧\",\"保险箱\",\"电热水壶\",\"吹风机\"]', '[\"/images/room/room2_1.jpg\"]', 1, 1, 25, 1, '2025-01-01 00:00:00', '2025-01-01 00:00:00'),
(3, 1, '总统套房', '尊贵总统套房，独立客厅与卧室，配备高端家具和艺术品，专属管家服务', 2888.00, 3288.00, 4, '大床', 120.00, '25-28层', '[\"WiFi\",\"迷你吧\",\"保险箱\",\"浴缸\",\"智能马桶\",\"投影仪\",\"衣帽间\"]', '[\"/images/room/room3_1.jpg\",\"/images/room/room3_2.jpg\",\"/images/room/room3_3.jpg\"]', 1, 1, 5, 1, '2025-01-01 00:00:00', '2025-01-01 00:00:00'),
-- 希尔顿花园酒店
(4, 2, '标准大床房', '现代简约风格大床房，配备希尔顿梦之床，智能客控系统', 698.00, 798.00, 2, '大床', 32.00, '6-18层', '[\"WiFi\",\"迷你吧\",\"保险箱\",\"智能客控\",\"吹风机\"]', '[\"/images/room/room4_1.jpg\"]', 1, 1, 40, 1, '2025-01-05 00:00:00', '2025-01-05 00:00:00'),
(5, 2, '行政套房', '独立起居室和办公区，适合长期商务驻留，含行政酒廊权益', 1288.00, 1488.00, 2, '大床', 55.00, '19-23层', '[\"WiFi\",\"迷你吧\",\"保险箱\",\"浴缸\",\"办公桌\",\"Nespresso咖啡机\"]', '[\"/images/room/room5_1.jpg\",\"/images/room/room5_2.jpg\"]', 1, 1, 15, 1, '2025-01-05 00:00:00', '2025-01-05 00:00:00'),
-- 如家精选酒店
(6, 3, '经济大床房', '简洁舒适的大床房，干净整洁，适合商务出差和短途旅行', 268.00, 298.00, 2, '大床', 20.00, '3-8层', '[\"WiFi\",\"电热水壶\",\"吹风机\"]', '[\"/images/room/room6_1.jpg\"]', 0, 1, 35, 1, '2025-01-10 00:00:00', '2025-01-10 00:00:00'),
(7, 3, '经济双床房', '两张1.2米单人床，空间紧凑但功能齐全', 288.00, 318.00, 2, '双床', 22.00, '3-8层', '[\"WiFi\",\"电热水壶\",\"吹风机\"]', '[\"/images/room/room7_1.jpg\"]', 0, 1, 30, 1, '2025-01-10 00:00:00', '2025-01-10 00:00:00'),
-- 万豪度假酒店
(8, 4, '湖景大床房', '面朝湖泊的豪华大床房，阳台可直接欣赏湖景日出', 888.00, 1088.00, 2, '大床', 40.00, '3-10层', '[\"WiFi\",\"迷你吧\",\"保险箱\",\"浴缸\",\"阳台\",\"吹风机\"]', '[\"/images/room/room8_1.jpg\",\"/images/room/room8_2.jpg\"]', 1, 1, 25, 1, '2025-01-15 00:00:00', '2025-01-15 00:00:00'),
(9, 4, '亲子主题房', '精心布置的亲子房，配备儿童帐篷、玩具和动画主题装饰', 1088.00, 1288.00, 4, '大床+上下铺', 50.00, '3-6层', '[\"WiFi\",\"迷你吧\",\"儿童帐篷\",\"玩具\",\"儿童浴袍\"]', '[\"/images/room/room9_1.jpg\"]', 1, 1, 10, 1, '2025-01-15 00:00:00', '2025-01-15 00:00:00'),
(10, 4, '独栋湖畔别墅', '私密独栋别墅，拥有私人花园、露天浴池和独立车位', 3888.00, 4588.00, 6, '大床+双床', 200.00, '1层', '[\"WiFi\",\"私人花园\",\"露天浴池\",\"厨房\",\"洗衣机\",\"独立车位\"]', '[\"/images/room/room10_1.jpg\",\"/images/room/room10_2.jpg\"]', 1, 1, 3, 1, '2025-01-15 00:00:00', '2025-01-15 00:00:00'),
-- 汉庭优佳酒店
(11, 5, '优佳大床房', '全新装修大床房，零压床垫带来极致睡眠，智能灯控', 228.00, 268.00, 2, '大床', 18.00, '2-7层', '[\"WiFi\",\"电热水壶\",\"吹风机\",\"智能灯控\"]', '[\"/images/room/room11_1.jpg\"]', 0, 1, 40, 1, '2025-02-01 00:00:00', '2025-02-01 00:00:00'),
(12, 5, '优佳双床房', '适合双人入住的经济型双床房，实用性强', 258.00, 288.00, 2, '双床', 20.00, '2-7层', '[\"WiFi\",\"电热水壶\",\"吹风机\"]', '[\"/images/room/room12_1.jpg\"]', 0, 0, 30, 1, '2025-02-01 00:00:00', '2025-02-01 00:00:00'),
-- 丽思卡尔顿酒店
(13, 6, '至尊海景房', '高层无敌海景，270度全景落地窗，奢华石材卫浴', 1288.00, 1588.00, 2, '大床', 45.00, '30-50层', '[\"WiFi\",\"迷你吧\",\"保险箱\",\"浴缸\",\"Bose音响\",\"Nespresso\"]', '[\"/images/room/room13_1.jpg\",\"/images/room/room13_2.jpg\"]', 1, 1, 20, 1, '2025-02-10 00:00:00', '2025-02-10 00:00:00'),
(14, 6, '丽思套房', '顶层尊享套房，独立客厅餐厅，24小时管家服务', 3688.00, 4288.00, 4, '大床', 100.00, '48-50层', '[\"WiFi\",\"迷你吧\",\"保险箱\",\"浴缸\",\"智能马桶\",\"管家服务\",\"衣帽间\"]', '[\"/images/room/room14_1.jpg\"]', 1, 1, 5, 1, '2025-02-10 00:00:00', '2025-02-10 00:00:00'),
-- 亚朵轻居酒店
(15, 7, '轻居大床房', '人文主题大床房，配备精选书籍和茶具，安静舒适', 358.00, 398.00, 2, '大床', 25.00, '4-12层', '[\"WiFi\",\"茶具\",\"书架\",\"吹风机\",\"保险箱\"]', '[\"/images/room/room15_1.jpg\"]', 1, 1, 30, 1, '2025-02-20 00:00:00', '2025-02-20 00:00:00'),
(16, 7, '几木大床房', '设计师联名款房型，原木风格搭配柔和灯光', 428.00, 488.00, 2, '大床', 30.00, '10-12层', '[\"WiFi\",\"茶具\",\"书架\",\"吹风机\",\"保险箱\",\"投影仪\"]', '[\"/images/room/room16_1.jpg\"]', 1, 1, 15, 1, '2025-02-20 00:00:00', '2025-02-20 00:00:00'),
-- 全季酒店
(17, 8, '商务大床房', '简约商务大床房，独立办公区域，适合商旅人士', 328.00, 368.00, 2, '大床', 24.00, '3-15层', '[\"WiFi\",\"办公桌\",\"电热水壶\",\"吹风机\"]', '[\"/images/room/room17_1.jpg\"]', 1, 1, 35, 1, '2025-03-01 00:00:00', '2025-03-01 00:00:00'),
-- 维也纳国际酒店
(18, 9, '音乐主题大床房', '以古典音乐为主题，墙面装饰音乐元素，隔音效果极佳', 388.00, 438.00, 2, '大床', 28.00, '5-18层', '[\"WiFi\",\"蓝牙音响\",\"保险箱\",\"电热水壶\",\"吹风机\"]', '[\"/images/room/room18_1.jpg\"]', 1, 1, 30, 1, '2025-03-10 00:00:00', '2025-03-10 00:00:00'),
(19, 9, '家庭亲子房', '宽敞家庭房，1.8米大床+1.2米儿童床，配备儿童用品', 488.00, 558.00, 3, '大床+单人床', 35.00, '5-10层', '[\"WiFi\",\"蓝牙音响\",\"儿童浴袍\",\"儿童拖鞋\"]', '[\"/images/room/room19_1.jpg\"]', 1, 1, 15, 1, '2025-03-10 00:00:00', '2025-03-10 00:00:00'),
-- 桔子水晶酒店
(20, 10, '水晶大床房', '设计师精心打造，JBL音响+科勒卫浴+金可儿床垫', 418.00, 488.00, 2, '大床', 26.00, '3-10层', '[\"WiFi\",\"JBL音响\",\"科勒卫浴\",\"保险箱\",\"吹风机\"]', '[\"/images/room/room20_1.jpg\"]', 0, 1, 25, 1, '2025-03-20 00:00:00', '2025-03-20 00:00:00'),
-- 七天优品酒店
(21, 11, '经济单人房', '紧凑型单人房，适合一人出行，经济实惠', 158.00, 178.00, 1, '单人床', 14.00, '2-6层', '[\"WiFi\",\"电热水壶\"]', '[\"/images/room/room21_1.jpg\"]', 0, 0, 40, 1, '2025-04-01 00:00:00', '2025-04-01 00:00:00'),
(22, 11, '标准大床房', '基础大床房，满足基本住宿需求', 188.00, 208.00, 2, '大床', 16.00, '2-6层', '[\"WiFi\",\"电热水壶\"]', '[\"/images/room/room22_1.jpg\"]', 0, 0, 35, 1, '2025-04-01 00:00:00', '2025-04-01 00:00:00'),
-- 凯悦臻选酒店
(23, 12, '豪华海景房', '一线海景房，躺在床上即可欣赏碧海蓝天', 1088.00, 1388.00, 2, '大床', 42.00, '5-15层', '[\"WiFi\",\"迷你吧\",\"保险箱\",\"浴缸\",\"阳台\",\"Bose音响\"]', '[\"/images/room/room23_1.jpg\"]', 1, 1, 30, 1, '2025-04-10 00:00:00', '2025-04-10 00:00:00'),
(24, 12, '海景套房', '超大海景套房，独立客厅，私人露台带躺椅', 2188.00, 2688.00, 4, '大床', 85.00, '12-15层', '[\"WiFi\",\"迷你吧\",\"保险箱\",\"浴缸\",\"私人露台\",\"管家服务\"]', '[\"/images/room/room24_1.jpg\"]', 1, 1, 10, 1, '2025-04-10 00:00:00', '2025-04-10 00:00:00');

-- -----------------------------------------------------------
-- 房间库存数据 (为未来30天生成库存)
-- -----------------------------------------------------------
INSERT INTO `room_inventory` (`room_type_id`, `date`, `total_count`, `booked_count`, `price`, `status`) VALUES
-- 锦江国际 豪华大床房 (id=1)
(1, '2026-02-08', 30, 5, 588.00, 1), (1, '2026-02-09', 30, 8, 588.00, 1), (1, '2026-02-10', 30, 3, 528.00, 1),
(1, '2026-02-11', 30, 2, 528.00, 1), (1, '2026-02-12', 30, 1, 528.00, 1), (1, '2026-02-13', 30, 6, 588.00, 1),
(1, '2026-02-14', 30, 15, 688.00, 1), (1, '2026-02-15', 30, 12, 688.00, 1), (1, '2026-02-16', 30, 4, 528.00, 1),
-- 希尔顿 标准大床房 (id=4)
(4, '2026-02-08', 40, 10, 698.00, 1), (4, '2026-02-09', 40, 15, 698.00, 1), (4, '2026-02-10', 40, 5, 628.00, 1),
(4, '2026-02-11', 40, 3, 628.00, 1), (4, '2026-02-12', 40, 2, 628.00, 1), (4, '2026-02-13', 40, 8, 698.00, 1),
(4, '2026-02-14', 40, 20, 798.00, 1), (4, '2026-02-15', 40, 18, 798.00, 1),
-- 如家 经济大床房 (id=6)
(6, '2026-02-08', 35, 12, 268.00, 1), (6, '2026-02-09', 35, 18, 268.00, 1), (6, '2026-02-10', 35, 8, 238.00, 1),
(6, '2026-02-11', 35, 5, 238.00, 1), (6, '2026-02-12', 35, 3, 238.00, 1), (6, '2026-02-13', 35, 10, 268.00, 1),
-- 万豪 湖景大床房 (id=8)
(8, '2026-02-08', 25, 8, 888.00, 1), (8, '2026-02-09', 25, 12, 888.00, 1), (8, '2026-02-10', 25, 4, 788.00, 1),
(8, '2026-02-14', 25, 20, 1088.00, 1), (8, '2026-02-15', 25, 18, 1088.00, 1),
-- 汉庭 优佳大床房 (id=11)
(11, '2026-02-08', 40, 15, 228.00, 1), (11, '2026-02-09', 40, 20, 228.00, 1), (11, '2026-02-10', 40, 10, 198.00, 1),
-- 丽思卡尔顿 至尊海景房 (id=13)
(13, '2026-02-08', 20, 5, 1288.00, 1), (13, '2026-02-09', 20, 8, 1288.00, 1), (13, '2026-02-14', 20, 15, 1588.00, 1);

-- -----------------------------------------------------------
-- 订单数据
-- -----------------------------------------------------------
INSERT INTO `booking_order` (`id`, `order_no`, `user_id`, `hotel_id`, `room_type_id`, `hotel_name`, `room_type_name`, `check_in_date`, `check_out_date`, `nights`, `room_count`, `guest_name`, `guest_phone`, `total_amount`, `coupon_id`, `discount_amount`, `actual_amount`, `status`, `remark`, `cancel_reason`, `created_at`, `updated_at`) VALUES
-- 已完成的订单
(1, 'ORD20250601001', 2, 1, 1, '锦江国际大酒店', '豪华大床房', '2025-06-10', '2025-06-12', 2, 1, '张三', '13800000002', 1176.00, NULL, 0.00, 1176.00, 3, '商务出差', NULL, '2025-06-01 10:30:00', '2025-06-12 12:00:00'),
(2, 'ORD20250615001', 3, 4, 8, '万豪度假酒店', '湖景大床房', '2025-06-20', '2025-06-23', 3, 1, '李四', '13800000003', 2664.00, 1, 100.00, 2564.00, 3, '家庭度假', NULL, '2025-06-15 15:00:00', '2025-06-23 13:00:00'),
(3, 'ORD20250701001', 4, 3, 6, '如家精选酒店', '经济大床房', '2025-07-05', '2025-07-07', 2, 1, '王五', '13800000004', 536.00, NULL, 0.00, 536.00, 3, NULL, NULL, '2025-07-01 09:00:00', '2025-07-07 12:00:00'),
(4, 'ORD20250720001', 5, 7, 15, '亚朵轻居酒店', '轻居大床房', '2025-07-25', '2025-07-27', 2, 1, '赵六', '13800000005', 716.00, NULL, 0.00, 716.00, 3, '文艺之旅', NULL, '2025-07-20 11:00:00', '2025-07-27 12:00:00'),
(5, 'ORD20250801001', 2, 6, 13, '丽思卡尔顿酒店', '至尊海景房', '2025-08-05', '2025-08-08', 3, 1, '张三', '13800000002', 3864.00, 2, 200.00, 3664.00, 3, '周年纪念旅行', NULL, '2025-08-01 08:30:00', '2025-08-08 12:00:00'),
-- 已支付待入住
(6, 'ORD20260201001', 3, 1, 2, '锦江国际大酒店', '豪华双床房', '2026-02-14', '2026-02-16', 2, 1, '李四', '13800000003', 1376.00, NULL, 0.00, 1376.00, 1, '情人节出行', NULL, '2026-02-01 14:00:00', '2026-02-01 14:30:00'),
(7, 'ORD20260201002', 4, 4, 9, '万豪度假酒店', '亲子主题房', '2026-02-15', '2026-02-17', 2, 1, '王五', '13800000004', 2176.00, 3, 50.00, 2126.00, 1, '带孩子度假', NULL, '2026-02-01 16:00:00', '2026-02-01 16:20:00'),
(8, 'ORD20260202001', 6, 2, 5, '希尔顿花园酒店', '行政套房', '2026-02-20', '2026-02-22', 2, 1, '孙七', '13800000006', 2576.00, NULL, 0.00, 2576.00, 1, '商务会议', NULL, '2026-02-02 09:00:00', '2026-02-02 09:15:00'),
-- 已入住
(9, 'ORD20260205001', 2, 8, 17, '全季酒店', '商务大床房', '2026-02-07', '2026-02-09', 2, 1, '张三', '13800000002', 656.00, NULL, 0.00, 656.00, 2, NULL, NULL, '2026-02-05 10:00:00', '2026-02-07 14:30:00'),
-- 待支付
(10, 'ORD20260208001', 5, 9, 18, '维也纳国际酒店', '音乐主题大床房', '2026-02-10', '2026-02-12', 2, 1, '赵六', '13800000005', 776.00, NULL, 0.00, 776.00, 0, NULL, NULL, '2026-02-08 08:00:00', '2026-02-08 08:00:00'),
(11, 'ORD20260208002', 7, 5, 11, '汉庭优佳酒店', '优佳大床房', '2026-02-12', '2026-02-14', 2, 1, '周八', '13800000007', 456.00, NULL, 0.00, 456.00, 0, NULL, NULL, '2026-02-08 09:30:00', '2026-02-08 09:30:00'),
-- 已取消
(12, 'ORD20250901001', 8, 10, 20, '桔子水晶酒店', '水晶大床房', '2025-09-15', '2025-09-17', 2, 1, '吴九', '13800000008', 836.00, NULL, 0.00, 836.00, 4, NULL, '行程变更，无法成行', '2025-09-01 11:00:00', '2025-09-03 15:00:00'),
(13, 'ORD20251001001', 3, 2, 4, '希尔顿花园酒店', '标准大床房', '2025-10-10', '2025-10-12', 2, 1, '李四', '13800000003', 1396.00, NULL, 0.00, 1396.00, 4, NULL, '会议取消', '2025-10-01 10:00:00', '2025-10-02 09:00:00'),
-- 退款中
(14, 'ORD20260205002', 10, 1, 1, '锦江国际大酒店', '豪华大床房', '2026-02-10', '2026-02-12', 2, 1, '刘燕', '13800000010', 1176.00, NULL, 0.00, 1176.00, 5, NULL, '临时有急事无法入住', '2026-02-05 14:00:00', '2026-02-07 10:00:00'),
-- 已退款
(15, 'ORD20251101001', 4, 9, 18, '维也纳国际酒店', '音乐主题大床房', '2025-11-10', '2025-11-12', 2, 1, '王五', '13800000004', 776.00, NULL, 0.00, 776.00, 6, NULL, '酒店设施维修', '2025-11-01 10:00:00', '2025-11-05 16:00:00'),
-- 更多已完成订单（用于统计）
(16, 'ORD20250810001', 6, 3, 7, '如家精选酒店', '经济双床房', '2025-08-15', '2025-08-17', 2, 1, '孙七', '13800000006', 576.00, NULL, 0.00, 576.00, 3, '闺蜜旅行', NULL, '2025-08-10 12:00:00', '2025-08-17 12:00:00'),
(17, 'ORD20250820001', 7, 5, 12, '汉庭优佳酒店', '优佳双床房', '2025-08-25', '2025-08-26', 1, 1, '周八', '13800000007', 258.00, NULL, 0.00, 258.00, 3, NULL, NULL, '2025-08-20 16:00:00', '2025-08-26 12:00:00'),
(18, 'ORD20250905001', 2, 10, 20, '桔子水晶酒店', '水晶大床房', '2025-09-10', '2025-09-13', 3, 1, '张三', '13800000002', 1254.00, NULL, 0.00, 1254.00, 3, '国庆前出行', NULL, '2025-09-05 10:00:00', '2025-09-13 12:00:00'),
(19, 'ORD20251015001', 5, 8, 17, '全季酒店', '商务大床房', '2025-10-20', '2025-10-22', 2, 1, '赵六', '13800000005', 656.00, NULL, 0.00, 656.00, 3, '出差', NULL, '2025-10-15 09:00:00', '2025-10-22 12:00:00'),
(20, 'ORD20251110001', 3, 7, 16, '亚朵轻居酒店', '几木大床房', '2025-11-15', '2025-11-17', 2, 1, '李四', '13800000003', 856.00, NULL, 0.00, 856.00, 3, NULL, NULL, '2025-11-10 14:00:00', '2025-11-17 12:00:00'),
(21, 'ORD20251201001', 8, 1, 3, '锦江国际大酒店', '总统套房', '2025-12-05', '2025-12-07', 2, 1, '吴九', '13800000008', 5776.00, 2, 200.00, 5576.00, 3, '庆祝升职', NULL, '2025-12-01 08:00:00', '2025-12-07 12:00:00'),
(22, 'ORD20251220001', 10, 6, 14, '丽思卡尔顿酒店', '丽思套房', '2025-12-25', '2025-12-28', 3, 1, '刘燕', '13800000010', 11064.00, NULL, 0.00, 11064.00, 3, '圣诞跨年', NULL, '2025-12-20 11:00:00', '2025-12-28 12:00:00'),
(23, 'ORD20260101001', 7, 4, 10, '万豪度假酒店', '独栋湖畔别墅', '2026-01-05', '2026-01-08', 3, 1, '周八', '13800000007', 11664.00, NULL, 0.00, 11664.00, 3, '新年家庭聚会', NULL, '2026-01-01 10:00:00', '2026-01-08 13:00:00'),
(24, 'ORD20260115001', 6, 2, 4, '希尔顿花园酒店', '标准大床房', '2026-01-20', '2026-01-21', 1, 1, '孙七', '13800000006', 698.00, 3, 50.00, 648.00, 3, NULL, NULL, '2026-01-15 15:00:00', '2026-01-21 12:00:00'),
(25, 'ORD20260120001', 4, 11, 22, '七天优品酒店', '标准大床房', '2026-01-25', '2026-01-27', 2, 1, '王五', '13800000004', 376.00, NULL, 0.00, 376.00, 3, '临时出差', NULL, '2026-01-20 17:00:00', '2026-01-27 12:00:00');

-- -----------------------------------------------------------
-- 支付记录数据
-- -----------------------------------------------------------
INSERT INTO `payment` (`id`, `payment_no`, `order_id`, `order_no`, `user_id`, `amount`, `payment_method`, `status`, `paid_at`, `refund_amount`, `refund_at`, `refund_reason`, `created_at`, `updated_at`) VALUES
(1, 'PAY20250601001', 1, 'ORD20250601001', 2, 1176.00, 1, 1, '2025-06-01 10:35:00', NULL, NULL, NULL, '2025-06-01 10:30:00', '2025-06-01 10:35:00'),
(2, 'PAY20250615001', 2, 'ORD20250615001', 3, 2564.00, 2, 1, '2025-06-15 15:10:00', NULL, NULL, NULL, '2025-06-15 15:00:00', '2025-06-15 15:10:00'),
(3, 'PAY20250701001', 3, 'ORD20250701001', 4, 536.00, 1, 1, '2025-07-01 09:05:00', NULL, NULL, NULL, '2025-07-01 09:00:00', '2025-07-01 09:05:00'),
(4, 'PAY20250720001', 4, 'ORD20250720001', 5, 716.00, 3, 1, '2025-07-20 11:08:00', NULL, NULL, NULL, '2025-07-20 11:00:00', '2025-07-20 11:08:00'),
(5, 'PAY20250801001', 5, 'ORD20250801001', 2, 3664.00, 2, 1, '2025-08-01 08:40:00', NULL, NULL, NULL, '2025-08-01 08:30:00', '2025-08-01 08:40:00'),
(6, 'PAY20260201001', 6, 'ORD20260201001', 3, 1376.00, 1, 1, '2026-02-01 14:20:00', NULL, NULL, NULL, '2026-02-01 14:00:00', '2026-02-01 14:20:00'),
(7, 'PAY20260201002', 7, 'ORD20260201002', 4, 2126.00, 2, 1, '2026-02-01 16:15:00', NULL, NULL, NULL, '2026-02-01 16:00:00', '2026-02-01 16:15:00'),
(8, 'PAY20260202001', 8, 'ORD20260202001', 6, 2576.00, 1, 1, '2026-02-02 09:10:00', NULL, NULL, NULL, '2026-02-02 09:00:00', '2026-02-02 09:10:00'),
(9, 'PAY20260205001', 9, 'ORD20260205001', 2, 656.00, 1, 1, '2026-02-05 10:08:00', NULL, NULL, NULL, '2026-02-05 10:00:00', '2026-02-05 10:08:00'),
(10, 'PAY20260205002', 14, 'ORD20260205002', 10, 1176.00, 2, 1, '2026-02-05 14:10:00', NULL, NULL, '临时有急事无法入住', '2026-02-05 14:00:00', '2026-02-07 10:00:00'),
(11, 'PAY20251101001', 15, 'ORD20251101001', 4, 776.00, 1, 2, '2025-11-01 10:05:00', 776.00, '2025-11-05 16:00:00', '酒店设施维修', '2025-11-01 10:00:00', '2025-11-05 16:00:00'),
(12, 'PAY20250810001', 16, 'ORD20250810001', 6, 576.00, 2, 1, '2025-08-10 12:08:00', NULL, NULL, NULL, '2025-08-10 12:00:00', '2025-08-10 12:08:00'),
(13, 'PAY20250820001', 17, 'ORD20250820001', 7, 258.00, 1, 1, '2025-08-20 16:05:00', NULL, NULL, NULL, '2025-08-20 16:00:00', '2025-08-20 16:05:00'),
(14, 'PAY20250905001', 18, 'ORD20250905001', 2, 1254.00, 3, 1, '2025-09-05 10:10:00', NULL, NULL, NULL, '2025-09-05 10:00:00', '2025-09-05 10:10:00'),
(15, 'PAY20251015001', 19, 'ORD20251015001', 5, 656.00, 1, 1, '2025-10-15 09:08:00', NULL, NULL, NULL, '2025-10-15 09:00:00', '2025-10-15 09:08:00'),
(16, 'PAY20251110001', 20, 'ORD20251110001', 3, 856.00, 2, 1, '2025-11-10 14:10:00', NULL, NULL, NULL, '2025-11-10 14:00:00', '2025-11-10 14:10:00'),
(17, 'PAY20251201001', 21, 'ORD20251201001', 8, 5576.00, 3, 1, '2025-12-01 08:15:00', NULL, NULL, NULL, '2025-12-01 08:00:00', '2025-12-01 08:15:00'),
(18, 'PAY20251220001', 22, 'ORD20251220001', 10, 11064.00, 2, 1, '2025-12-20 11:12:00', NULL, NULL, NULL, '2025-12-20 11:00:00', '2025-12-20 11:12:00'),
(19, 'PAY20260101001', 23, 'ORD20260101001', 7, 11664.00, 1, 1, '2026-01-01 10:10:00', NULL, NULL, NULL, '2026-01-01 10:00:00', '2026-01-01 10:10:00'),
(20, 'PAY20260115001', 24, 'ORD20260115001', 6, 648.00, 2, 1, '2026-01-15 15:08:00', NULL, NULL, NULL, '2026-01-15 15:00:00', '2026-01-15 15:08:00'),
(21, 'PAY20260120001', 25, 'ORD20260120001', 4, 376.00, 1, 1, '2026-01-20 17:05:00', NULL, NULL, NULL, '2026-01-20 17:00:00', '2026-01-20 17:05:00');

-- -----------------------------------------------------------
-- 评价数据
-- -----------------------------------------------------------
INSERT INTO `review` (`id`, `user_id`, `hotel_id`, `order_id`, `room_type_id`, `rating`, `content`, `images`, `status`, `reply`, `reply_at`, `created_at`, `updated_at`) VALUES
(1, 2, 1, 1, 1, 5, '酒店位置非常好，房间干净整洁，服务态度一流！大床很舒服，早餐种类丰富。下次来上海还会选择这里。', NULL, 1, '感谢您的好评，期待您再次光临！', '2025-06-13 10:00:00', '2025-06-12 14:00:00', '2025-06-13 10:00:00'),
(2, 3, 4, 2, 8, 5, '湖景房名不虚传，推开窗就是美丽的湖景。亲子设施也很棒，孩子玩得很开心。温泉体验非常放松，强烈推荐家庭度假！', NULL, 1, '感谢您的认可，我们一直致力于为家庭提供最好的度假体验！', '2025-06-24 09:00:00', '2025-06-23 15:00:00', '2025-06-24 09:00:00'),
(3, 4, 3, 3, 6, 4, '性价比很高的酒店，虽然房间不大但很干净。早餐一般，但价格摆在这里不能要求太多。交通方便是最大的优点。', NULL, 1, '感谢您的评价，我们会持续改善早餐品质！', '2025-07-08 10:00:00', '2025-07-07 16:00:00', '2025-07-08 10:00:00'),
(4, 5, 7, 4, 15, 5, '亚朵的人文气息真的很足，房间里的书籍和茶具让人感觉很温馨。枕头可以选择不同软硬度，睡眠质量很好。', NULL, 1, NULL, NULL, '2025-07-27 18:00:00', '2025-07-27 18:00:00'),
(5, 2, 6, 5, 13, 5, '丽思卡尔顿不愧是顶级酒店，管家服务细致入微，房间的海景令人震撼。虽然价格不菲，但体验绝对值得。', NULL, 1, '感谢您选择丽思卡尔顿，很高兴为您带来美好的回忆！', '2025-08-09 14:00:00', '2025-08-08 20:00:00', '2025-08-09 14:00:00'),
(6, 6, 3, 16, 7, 3, '房间比较小，隔音一般，能听到走廊的声音。不过价格确实便宜，卫生也过关，临时住一晚还是可以的。', NULL, 1, NULL, NULL, '2025-08-17 14:00:00', '2025-08-17 14:00:00'),
(7, 7, 5, 17, 12, 4, '床垫确实舒服，零压感觉不错。房间装修简洁但有设计感，比同价位的快捷酒店好很多。', NULL, 0, NULL, NULL, '2025-08-26 15:00:00', '2025-08-26 15:00:00'),
(8, 2, 10, 18, 20, 4, '设计感很强的酒店，JBL音响音质很好，科勒的卫浴体验也不错。位置在古城区，逛景点很方便。', NULL, 1, '感谢您对我们设计理念的欣赏！', '2025-09-14 11:00:00', '2025-09-13 16:00:00', '2025-09-14 11:00:00'),
(9, 5, 8, 19, 17, 4, '商务出差的好选择，房间安静，WiFi快，办公区域设计合理。早餐品种丰富，推荐给商旅人士。', NULL, 1, NULL, NULL, '2025-10-22 18:00:00', '2025-10-22 18:00:00'),
(10, 3, 7, 20, 16, 5, '几木大床房太惊喜了！原木风格非常治愈，投影仪可以躺在床上看电影，太幸福了。下次还要住这个房型。', NULL, 0, NULL, NULL, '2025-11-17 15:00:00', '2025-11-17 15:00:00'),
(11, 8, 1, 21, 3, 5, '总统套房真的太奢华了！独立客厅宽敞气派，管家服务贴心周到。用来庆祝升职，这个体验终生难忘。', NULL, 2, NULL, NULL, '2025-12-07 20:00:00', '2025-12-07 20:00:00'),
(12, 10, 6, 22, 14, 5, '丽思套房跨年体验太棒了，在顶层看烟花，房间里的一切都是顶级的。管家还准备了惊喜蛋糕，感动！', NULL, 1, '圣诞快乐，新年快乐！感谢您选择与我们一起跨年！', '2025-12-29 10:00:00', '2025-12-28 22:00:00', '2025-12-29 10:00:00'),
(13, 7, 4, 23, 10, 5, '独栋别墅简直是梦想中的度假方式！私人花园很大，露天浴池泡着看星星，全家人都玩得超级开心。', NULL, 1, NULL, NULL, '2026-01-08 20:00:00', '2026-01-08 20:00:00'),
(14, 6, 2, 24, 4, 4, '希尔顿品质还是很有保证的，梦之床确实好睡。位置靠近高铁站，出差很方便。希望前台效率能再快一些。', NULL, 1, '感谢您的反馈，我们已优化前台入住流程！', '2026-01-22 10:00:00', '2026-01-21 15:00:00', '2026-01-22 10:00:00'),
(15, 4, 11, 25, 22, 3, '最基本的住宿需求能满足，干净卫生没问题。但设施确实简陋了些，隔音也一般。适合临时过夜，不适合长住。', NULL, 1, NULL, NULL, '2026-01-27 16:00:00', '2026-01-27 16:00:00');

-- -----------------------------------------------------------
-- 优惠券数据
-- -----------------------------------------------------------
INSERT INTO `coupon` (`id`, `title`, `description`, `type`, `condition_amount`, `discount_amount`, `discount_rate`, `total_count`, `used_count`, `start_time`, `end_time`, `status`, `created_at`, `updated_at`) VALUES
(1, '新用户满2000减100', '新注册用户专享，满2000元减100元', 1, 2000.00, 100.00, NULL, 1000, 156, '2025-01-01 00:00:00', '2026-12-31 23:59:59', 1, '2025-01-01 00:00:00', '2025-01-01 00:00:00'),
(2, '豪华酒店满3000减200', '预订五星级酒店满3000减200', 1, 3000.00, 200.00, NULL, 500, 89, '2025-03-01 00:00:00', '2026-06-30 23:59:59', 1, '2025-03-01 00:00:00', '2025-03-01 00:00:00'),
(3, '周末特惠立减50', '周末入住任意酒店立减50元', 3, 0.00, 50.00, NULL, 2000, 432, '2025-06-01 00:00:00', '2026-12-31 23:59:59', 1, '2025-06-01 00:00:00', '2025-06-01 00:00:00'),
(4, '春节85折优惠券', '春节期间预订享85折优惠', 2, 500.00, NULL, 0.85, 800, 210, '2026-01-15 00:00:00', '2026-02-28 23:59:59', 1, '2026-01-15 00:00:00', '2026-01-15 00:00:00'),
(5, '会员日满500减30', '每月8号会员日专享', 1, 500.00, 30.00, NULL, 0, 578, '2025-01-01 00:00:00', '2026-12-31 23:59:59', 1, '2025-01-01 00:00:00', '2025-01-01 00:00:00'),
(6, '老用户回馈9折券', '半年未消费用户专享9折', 2, 300.00, NULL, 0.90, 300, 45, '2025-09-01 00:00:00', '2026-03-31 23:59:59', 1, '2025-09-01 00:00:00', '2025-09-01 00:00:00'),
(7, '暑期亲子满1000减80', '暑期亲子房型专享优惠', 1, 1000.00, 80.00, NULL, 600, 120, '2025-07-01 00:00:00', '2025-09-30 23:59:59', 0, '2025-07-01 00:00:00', '2025-07-01 00:00:00');

-- -----------------------------------------------------------
-- 用户优惠券数据
-- -----------------------------------------------------------
INSERT INTO `user_coupon` (`id`, `user_id`, `coupon_id`, `order_id`, `status`, `received_at`, `used_at`) VALUES
(1, 2, 1, NULL, 0, '2025-01-15 10:30:00', NULL),
(2, 2, 3, NULL, 0, '2025-06-01 12:00:00', NULL),
(3, 2, 5, NULL, 0, '2026-01-08 10:00:00', NULL),
(4, 3, 1, 2, 1, '2025-02-10 14:20:00', '2025-06-15 15:00:00'),
(5, 3, 4, NULL, 0, '2026-01-16 09:00:00', NULL),
(6, 4, 3, 7, 1, '2025-03-05 09:15:00', '2026-02-01 16:00:00'),
(7, 4, 5, NULL, 0, '2025-08-08 10:00:00', NULL),
(8, 5, 1, NULL, 0, '2025-03-20 16:45:00', NULL),
(9, 5, 6, NULL, 0, '2025-09-01 10:00:00', NULL),
(10, 6, 3, 24, 1, '2025-04-01 11:00:00', '2026-01-15 15:00:00'),
(11, 6, 4, NULL, 0, '2026-01-20 14:00:00', NULL),
(12, 7, 1, NULL, 2, '2025-04-15 08:30:00', NULL),
(13, 7, 5, NULL, 0, '2025-12-08 10:00:00', NULL),
(14, 8, 2, 21, 1, '2025-05-10 13:20:00', '2025-12-01 08:00:00'),
(15, 8, 4, NULL, 0, '2026-01-18 16:00:00', NULL),
(16, 10, 1, NULL, 0, '2025-06-01 10:00:00', NULL);

-- -----------------------------------------------------------
-- 收藏数据
-- -----------------------------------------------------------
INSERT INTO `favorite` (`user_id`, `hotel_id`, `created_at`) VALUES
(2, 1, '2025-06-01 10:00:00'), (2, 4, '2025-06-15 14:00:00'), (2, 6, '2025-08-01 08:00:00'), (2, 10, '2025-09-05 09:00:00'),
(3, 4, '2025-06-15 14:30:00'), (3, 7, '2025-11-10 13:00:00'), (3, 2, '2025-10-01 09:00:00'),
(4, 3, '2025-07-01 08:30:00'), (4, 9, '2025-11-01 09:00:00'), (4, 11, '2026-01-20 16:00:00'),
(5, 7, '2025-07-20 10:30:00'), (5, 8, '2025-10-15 08:00:00'),
(6, 1, '2025-08-10 11:00:00'), (6, 2, '2026-01-15 14:00:00'), (6, 3, '2025-08-10 11:30:00'),
(7, 4, '2026-01-01 09:00:00'), (7, 5, '2025-08-20 15:00:00'),
(8, 1, '2025-12-01 07:00:00'), (8, 10, '2025-09-01 10:00:00'),
(10, 6, '2025-12-20 10:00:00'), (10, 1, '2026-02-05 13:00:00');

-- -----------------------------------------------------------
-- 公告数据
-- -----------------------------------------------------------
INSERT INTO `announcement` (`id`, `title`, `content`, `type`, `status`, `publish_time`, `created_at`, `updated_at`) VALUES
(1, '欢迎使用酒店预订管理系统', '尊敬的用户，欢迎使用我们的酒店预订管理系统！我们致力于为您提供最便捷的酒店预订体验，覆盖全国各大城市的优质酒店资源。如有任何问题，请随时联系客服。', 3, 1, '2025-01-01 08:00:00', '2025-01-01 08:00:00', '2025-01-01 08:00:00'),
(2, '春节特惠活动 - 最高享85折', '春节将至，我们推出了丰富的优惠活动！2026年1月15日至2月28日期间，预订合作酒店可享受最高85折优惠。更有新春红包券等您领取，让您的春节出行更加实惠。', 2, 1, '2026-01-10 10:00:00', '2026-01-10 10:00:00', '2026-01-10 10:00:00'),
(3, '系统升级公告', '为了给您提供更好的服务体验，我们将于2026年2月15日凌晨2:00-6:00进行系统升级维护。届时可能会出现短暂无法访问的情况，请您提前做好预订安排。给您带来的不便，敬请谅解。', 1, 1, '2026-02-01 09:00:00', '2026-02-01 09:00:00', '2026-02-01 09:00:00'),
(4, '情人节浪漫套餐上线', '情人节即将到来，我们精选了多家浪漫酒店推出情人节专属套餐，包含双人晚餐、鲜花布置和SPA体验。数量有限，先到先得！', 2, 1, '2026-02-05 10:00:00', '2026-02-05 10:00:00', '2026-02-05 10:00:00'),
(5, '会员积分制度说明', '为回馈广大用户，我们推出了会员积分制度。每消费1元可获得1积分，积分可兑换优惠券和免费房晚。详情请查看个人中心-积分说明。', 1, 1, '2025-06-01 10:00:00', '2025-06-01 10:00:00', '2025-06-01 10:00:00'),
(6, '暑期亲子游推荐（已结束）', '暑期亲子游攻略已上线，精选全国各地最适合带孩子入住的酒店和度假村，更有专属亲子优惠券等您领取。', 2, 2, '2025-07-01 09:00:00', '2025-07-01 09:00:00', '2025-10-01 00:00:00'),
(7, '用户隐私保护声明（草稿）', '我们高度重视您的个人信息保护，严格遵守相关法律法规...(内容草稿待完善)', 3, 0, NULL, '2026-02-06 14:00:00', '2026-02-06 14:00:00');

-- -----------------------------------------------------------
-- 审计日志数据
-- -----------------------------------------------------------
INSERT INTO `audit_log` (`user_id`, `username`, `action`, `target`, `detail`, `ip`, `created_at`) VALUES
(1, 'admin', '登录系统', '用户', '管理员登录系统', '192.168.1.100', '2026-02-08 08:00:00'),
(1, 'admin', '新增酒店', '酒店', '新增酒店：凯悦臻选酒店', '192.168.1.100', '2025-04-10 10:00:00'),
(1, 'admin', '审核评价', '评价', '通过评价ID:1，用户:张三', '192.168.1.100', '2025-06-13 10:00:00'),
(1, 'admin', '处理退款', '订单', '订单ORD20251101001退款处理完成', '192.168.1.100', '2025-11-05 16:00:00'),
(2, 'zhangsan', '登录系统', '用户', '用户张三登录', '192.168.1.50', '2026-02-05 10:00:00'),
(2, 'zhangsan', '创建订单', '订单', '创建订单ORD20260205001', '192.168.1.50', '2026-02-05 10:00:00'),
(3, 'lisi', '登录系统', '用户', '用户李四登录', '192.168.1.51', '2026-02-01 14:00:00'),
(3, 'lisi', '创建订单', '订单', '创建订单ORD20260201001', '192.168.1.51', '2026-02-01 14:00:00'),
(1, 'admin', '发布公告', '公告', '发布公告：情人节浪漫套餐上线', '192.168.1.100', '2026-02-05 10:00:00'),
(1, 'admin', '修改房型价格', '房型', '修改锦江国际豪华大床房情人节价格为688', '192.168.1.100', '2026-02-01 09:00:00'),
(1, 'admin', '下架酒店', '酒店', '下架酒店：凯悦臻选酒店（装修中）', '192.168.1.100', '2025-11-01 10:00:00'),
(4, 'wangwu', '登录系统', '用户', '用户王五登录', '192.168.1.52', '2026-02-01 16:00:00'),
(5, 'zhaoliu', '创建订单', '订单', '创建订单ORD20260208001', '192.168.1.53', '2026-02-08 08:00:00'),
(1, 'admin', '审核评价', '评价', '拒绝评价ID:11，原因：内容不符合规范', '192.168.1.100', '2025-12-08 10:00:00'),
(1, 'admin', '禁用用户', '用户', '禁用用户：郑十（违规行为）', '192.168.1.100', '2025-12-01 15:00:00');
